{
  "train_loss": [
    11.960068106651306,
    11.661420106887817,
    8.564567565917969,
    6.203219056129456,
    5.294692754745483,
    4.5122504234313965,
    4.283729434013367,
    3.140510678291321,
    3.898472309112549,
    2.59579199552536,
    3.1831408739089966
  ],
  "val_loss": [
    0.8715048432350159,
    1.888315200805664,
    3.998445510864258,
    6.5438032150268555,
    5.474969863891602,
    5.921733379364014,
    6.271575450897217,
    6.41096305847168,
    7.061164855957031,
    7.019859313964844,
    7.652492046356201
  ],
  "train_acc": [
    0.5234375,
    0.4375,
    0.6015625,
    0.6796875,
    0.7265625,
    0.796875,
    0.765625,
    0.859375,
    0.84375,
    0.921875,
    0.921875
  ],
  "val_acc": [
    0.9032258064516129,
    0.8064516129032258,
    0.5161290322580645,
    0.3225806451612903,
    0.5483870967741935,
    0.5483870967741935,
    0.6774193548387096,
    0.6451612903225806,
    0.5806451612903226,
    0.6451612903225806,
    0.6451612903225806
  ],
  "learning_rate": [
    2.0000000000000003e-06,
    4.000000000000001e-06,
    6e-06,
    8.000000000000001e-06,
    1e-05,
    1e-05,
    9.890738003669029e-06,
    9.567727288213005e-06,
    9.045084971874738e-06,
    8.345653031794292e-06,
    7.500000000000001e-06
  ]
}